,product_id,1,2,3,4,5,6,9,10,11,12,13,14,15,16,17,18,19,20,21,22,23,24,25,26,27,28,29,30,31,32,33,34,35,36,37,38,39,40,41,42,43,44,45,46,47,46,47,48,49,50,51,52,53,54
0,1,1.0,0.0,0.6504026592226204,0.24418229518152842,0.2564283980955163,0.24418229518152842,0.0,0.0,1.0,1.0,1.0,1.0,1.0,0.0,0.0,0.0,0.0,0.0,0.0,0.0,0.0,0.0,0.0,0.0,0.0,0.0,0.0,0.0,0.0,0.0,0.0,0.0,0.0,0.0,0.0,0.0,0.0,0.0,0.0,0.0,0.0,0.0,0.0,0.0,0.0,0.0,0.3731343283737529,0.3731343283737529,0.3731343283737529,0.3731343283737529,0.30365871471949996,0.0,0.0,0.0
1,2,0.0,1.0000000000000004,0.0,0.0,0.1838612102245851,0.0,0.0,0.0,0.0,0.0,0.0,0.0,0.0,0.13083338385186877,0.1590422514611894,0.1590422514611894,0.06630895707528232,0.06630895707528232,0.06630895707528232,0.06630895707528232,0.06630895707528232,0.06630895707528232,0.06630895707528232,0.06630895707528232,0.12025415917764008,0.12025415917764008,0.12025415917764008,0.12025415917764008,0.12025415917764008,0.12025415917764008,0.0,0.0,0.0,0.0,0.0,0.0,0.0,0.0,0.0,0.0,0.0,0.0,0.0,0.0,0.0,0.0,0.08858164106347496,0.08858164106347496,0.08858164106347496,0.08858164106347496,0.0,0.0,0.0,0.0
2,3,0.6504026592226204,0.0,1.0,0.565438089395245,0.5937956450856572,0.565438089395245,0.0,0.0,0.6504026592226204,0.6504026592226204,0.6504026592226204,0.6504026592226204,0.6504026592226204,0.0,0.0,0.0,0.0,0.0,0.0,0.0,0.0,0.0,0.0,0.0,0.0,0.0,0.0,0.0,0.0,0.0,0.0,0.0,0.0,0.0,0.0,0.0,0.0,0.0,0.0,0.0,0.0,0.0,0.0,0.0,0.0,0.0,0.0,0.0,0.0,0.0,0.0,0.414710983353191,0.0,0.0
3,4,0.24418229518152842,0.0,0.565438089395245,1.0,0.5035930356385101,0.47954323387318604,0.0,0.0,0.24418229518152842,0.24418229518152842,0.24418229518152842,0.24418229518152842,0.24418229518152842,0.0,0.0,0.0,0.0,0.0,0.0,0.0,0.0,0.0,0.0,0.0,0.0,0.0,0.0,0.0,0.0,0.0,0.0,0.0,0.0,0.0,0.0,0.0,0.0,0.0,0.0,0.0,0.0,0.0,0.0,0.0,0.0,0.0,0.0,0.0,0.0,0.0,0.0,0.3517128573574134,0.0,0.0
4,5,0.2564283980955163,0.1838612102245851,0.5937956450856572,0.5035930356385101,1.0,0.5035930356385101,0.0,0.0,0.2564283980955163,0.2564283980955163,0.2564283980955163,0.2564283980955163,0.2564283980955163,0.0,0.0,0.0,0.0,0.0,0.0,0.0,0.0,0.0,0.0,0.0,0.0,0.0,0.0,0.0,0.0,0.0,0.0,0.0,0.0,0.0,0.0,0.0,0.0,0.0,0.0,0.0,0.0,0.0,0.0,0.0,0.0,0.0,0.0,0.0,0.0,0.0,0.0,0.3693517768547081,0.0,0.0
5,6,0.24418229518152842,0.0,0.565438089395245,0.47954323387318604,0.5035930356385101,1.0,0.0,0.0,0.24418229518152842,0.24418229518152842,0.24418229518152842,0.24418229518152842,0.24418229518152842,0.0,0.0,0.0,0.0,0.0,0.0,0.0,0.0,0.0,0.0,0.0,0.0,0.0,0.0,0.0,0.0,0.0,0.0,0.0,0.0,0.0,0.0,0.0,0.0,0.0,0.0,0.0,0.0,0.0,0.0,0.0,0.0,0.0,0.0,0.0,0.0,0.0,0.0,0.3517128573574134,0.0,0.0
6,9,0.0,0.0,0.0,0.0,0.0,0.0,1.0000000000000002,1.0000000000000002,0.0,0.0,0.0,0.0,0.0,0.0,0.0,0.0,0.0,0.0,0.0,0.0,0.0,0.0,0.0,0.0,0.45990963172485233,0.45990963172485233,0.45990963172485233,0.45990963172485233,0.45990963172485233,0.45990963172485233,0.47336674505716436,0.47336674505716436,0.47336674505716436,0.47336674505716436,0.09731236812610526,0.09731236812610526,0.09731236812610526,0.09731236812610526,0.09731236812610526,0.09731236812610526,0.09731236812610526,0.09731236812610526,0.09731236812610526,0.09731236812610526,0.09731236812610526,0.09731236812610526,0.13506161286126123,0.13506161286126123,0.13506161286126123,0.13506161286126123,0.10991386385739521,0.10046352011773137,0.6417523032624081,0.08671353000508257
7,10,0.0,0.0,0.0,0.0,0.0,0.0,1.0000000000000002,1.0000000000000002,0.0,0.0,0.0,0.0,0.0,0.0,0.0,0.0,0.0,0.0,0.0,0.0,0.0,0.0,0.0,0.0,0.45990963172485233,0.45990963172485233,0.45990963172485233,0.45990963172485233,0.45990963172485233,0.45990963172485233,0.47336674505716436,0.47336674505716436,0.47336674505716436,0.47336674505716436,0.09731236812610526,0.09731236812610526,0.09731236812610526,0.09731236812610526,0.09731236812610526,0.09731236812610526,0.09731236812610526,0.09731236812610526,0.09731236812610526,0.09731236812610526,0.09731236812610526,0.09731236812610526,0.13506161286126123,0.13506161286126123,0.13506161286126123,0.13506161286126123,0.10991386385739521,0.10046352011773137,0.6417523032624081,0.08671353000508257
8,11,1.0,0.0,0.6504026592226204,0.24418229518152842,0.2564283980955163,0.24418229518152842,0.0,0.0,1.0,1.0,1.0,1.0,1.0,0.0,0.0,0.0,0.0,0.0,0.0,0.0,0.0,0.0,0.0,0.0,0.0,0.0,0.0,0.0,0.0,0.0,0.0,0.0,0.0,0.0,0.0,0.0,0.0,0.0,0.0,0.0,0.0,0.0,0.0,0.0,0.0,0.0,0.3731343283737529,0.3731343283737529,0.3731343283737529,0.3731343283737529,0.30365871471949996,0.0,0.0,0.0
9,12,1.0,0.0,0.6504026592226204,0.24418229518152842,0.2564283980955163,0.24418229518152842,0.0,0.0,1.0,1.0,1.0,1.0,1.0,0.0,0.0,0.0,0.0,0.0,0.0,0.0,0.0,0.0,0.0,0.0,0.0,0.0,0.0,0.0,0.0,0.0,0.0,0.0,0.0,0.0,0.0,0.0,0.0,0.0,0.0,0.0,0.0,0.0,0.0,0.0,0.0,0.0,0.3731343283737529,0.3731343283737529,0.3731343283737529,0.3731343283737529,0.30365871471949996,0.0,0.0,0.0
10,13,1.0,0.0,0.6504026592226204,0.24418229518152842,0.2564283980955163,0.24418229518152842,0.0,0.0,1.0,1.0,1.0,1.0,1.0,0.0,0.0,0.0,0.0,0.0,0.0,0.0,0.0,0.0,0.0,0.0,0.0,0.0,0.0,0.0,0.0,0.0,0.0,0.0,0.0,0.0,0.0,0.0,0.0,0.0,0.0,0.0,0.0,0.0,0.0,0.0,0.0,0.0,0.3731343283737529,0.3731343283737529,0.3731343283737529,0.3731343283737529,0.30365871471949996,0.0,0.0,0.0
11,14,1.0,0.0,0.6504026592226204,0.24418229518152842,0.2564283980955163,0.24418229518152842,0.0,0.0,1.0,1.0,1.0,1.0,1.0,0.0,0.0,0.0,0.0,0.0,0.0,0.0,0.0,0.0,0.0,0.0,0.0,0.0,0.0,0.0,0.0,0.0,0.0,0.0,0.0,0.0,0.0,0.0,0.0,0.0,0.0,0.0,0.0,0.0,0.0,0.0,0.0,0.0,0.3731343283737529,0.3731343283737529,0.3731343283737529,0.3731343283737529,0.30365871471949996,0.0,0.0,0.0
12,15,1.0,0.0,0.6504026592226204,0.24418229518152842,0.2564283980955163,0.24418229518152842,0.0,0.0,1.0,1.0,1.0,1.0,1.0,0.0,0.0,0.0,0.0,0.0,0.0,0.0,0.0,0.0,0.0,0.0,0.0,0.0,0.0,0.0,0.0,0.0,0.0,0.0,0.0,0.0,0.0,0.0,0.0,0.0,0.0,0.0,0.0,0.0,0.0,0.0,0.0,0.0,0.3731343283737529,0.3731343283737529,0.3731343283737529,0.3731343283737529,0.30365871471949996,0.0,0.0,0.0
13,16,0.0,0.13083338385186877,0.0,0.0,0.0,0.0,0.0,0.0,0.0,0.0,0.0,0.0,0.0,1.0000000000000002,0.5959250351880373,0.5959250351880373,0.3756890294452556,0.3756890294452556,0.3756890294452556,0.3756890294452556,0.3756890294452556,0.3756890294452556,0.3756890294452556,0.3756890294452556,0.29041166119459316,0.29041166119459316,0.29041166119459316,0.29041166119459316,0.29041166119459316,0.29041166119459316,0.0,0.0,0.0,0.0,0.0,0.0,0.0,0.0,0.0,0.0,0.0,0.0,0.0,0.0,0.0,0.0,0.2139230917958159,0.2139230917958159,0.2139230917958159,0.2139230917958159,0.0,0.0,0.0,0.0
14,17,0.0,0.1590422514611894,0.0,0.0,0.0,0.0,0.0,0.0,0.0,0.0,0.0,0.0,0.0,0.5959250351880373,1.0000000000000002,1.0000000000000002,0.7371097586946841,0.7371097586946841,0.7371097586946841,0.7371097586946841,0.7371097586946841,0.7371097586946841,0.7371097586946841,0.7371097586946841,0.3530270569113045,0.3530270569113045,0.3530270569113045,0.3530270569113045,0.3530270569113045,0.3530270569113045,0.0,0.0,0.0,0.0,0.0,0.0,0.0,0.0,0.0,0.0,0.0,0.0,0.0,0.0,0.0,0.0,0.260046856215737,0.260046856215737,0.260046856215737,0.260046856215737,0.0,0.0,0.0,0.0
15,18,0.0,0.1590422514611894,0.0,0.0,0.0,0.0,0.0,0.0,0.0,0.0,0.0,0.0,0.0,0.5959250351880373,1.0000000000000002,1.0000000000000002,0.7371097586946841,0.7371097586946841,0.7371097586946841,0.7371097586946841,0.7371097586946841,0.7371097586946841,0.7371097586946841,0.7371097586946841,0.3530270569113045,0.3530270569113045,0.3530270569113045,0.3530270569113045,0.3530270569113045,0.3530270569113045,0.0,0.0,0.0,0.0,0.0,0.0,0.0,0.0,0.0,0.0,0.0,0.0,0.0,0.0,0.0,0.0,0.260046856215737,0.260046856215737,0.260046856215737,0.260046856215737,0.0,0.0,0.0,0.0
16,19,0.0,0.06630895707528232,0.0,0.0,0.0,0.0,0.0,0.0,0.0,0.0,0.0,0.0,0.0,0.3756890294452556,0.7371097586946841,0.7371097586946841,1.0,1.0,1.0,1.0,1.0,1.0,1.0,1.0,0.0,0.0,0.0,0.0,0.0,0.0,0.323902064548126,0.323902064548126,0.323902064548126,0.323902064548126,0.0,0.0,0.0,0.0,0.0,0.0,0.0,0.0,0.0,0.0,0.0,0.0,0.2646050916841897,0.2646050916841897,0.2646050916841897,0.2646050916841897,0.0,0.0,0.0,0.0
17,20,0.0,0.06630895707528232,0.0,0.0,0.0,0.0,0.0,0.0,0.0,0.0,0.0,0.0,0.0,0.3756890294452556,0.7371097586946841,0.7371097586946841,1.0,1.0,1.0,1.0,1.0,1.0,1.0,1.0,0.0,0.0,0.0,0.0,0.0,0.0,0.323902064548126,0.323902064548126,0.323902064548126,0.323902064548126,0.0,0.0,0.0,0.0,0.0,0.0,0.0,0.0,0.0,0.0,0.0,0.0,0.2646050916841897,0.2646050916841897,0.2646050916841897,0.2646050916841897,0.0,0.0,0.0,0.0
18,21,0.0,0.06630895707528232,0.0,0.0,0.0,0.0,0.0,0.0,0.0,0.0,0.0,0.0,0.0,0.3756890294452556,0.7371097586946841,0.7371097586946841,1.0,1.0,1.0,1.0,1.0,1.0,1.0,1.0,0.0,0.0,0.0,0.0,0.0,0.0,0.323902064548126,0.323902064548126,0.323902064548126,0.323902064548126,0.0,0.0,0.0,0.0,0.0,0.0,0.0,0.0,0.0,0.0,0.0,0.0,0.2646050916841897,0.2646050916841897,0.2646050916841897,0.2646050916841897,0.0,0.0,0.0,0.0
19,22,0.0,0.06630895707528232,0.0,0.0,0.0,0.0,0.0,0.0,0.0,0.0,0.0,0.0,0.0,0.3756890294452556,0.7371097586946841,0.7371097586946841,1.0,1.0,1.0,1.0,1.0,1.0,1.0,1.0,0.0,0.0,0.0,0.0,0.0,0.0,0.323902064548126,0.323902064548126,0.323902064548126,0.323902064548126,0.0,0.0,0.0,0.0,0.0,0.0,0.0,0.0,0.0,0.0,0.0,0.0,0.2646050916841897,0.2646050916841897,0.2646050916841897,0.2646050916841897,0.0,0.0,0.0,0.0
20,23,0.0,0.06630895707528232,0.0,0.0,0.0,0.0,0.0,0.0,0.0,0.0,0.0,0.0,0.0,0.3756890294452556,0.7371097586946841,0.7371097586946841,1.0,1.0,1.0,1.0,1.0,1.0,1.0,1.0,0.0,0.0,0.0,0.0,0.0,0.0,0.323902064548126,0.323902064548126,0.323902064548126,0.323902064548126,0.0,0.0,0.0,0.0,0.0,0.0,0.0,0.0,0.0,0.0,0.0,0.0,0.2646050916841897,0.2646050916841897,0.2646050916841897,0.2646050916841897,0.0,0.0,0.0,0.0
21,24,0.0,0.06630895707528232,0.0,0.0,0.0,0.0,0.0,0.0,0.0,0.0,0.0,0.0,0.0,0.3756890294452556,0.7371097586946841,0.7371097586946841,1.0,1.0,1.0,1.0,1.0,1.0,1.0,1.0,0.0,0.0,0.0,0.0,0.0,0.0,0.323902064548126,0.323902064548126,0.323902064548126,0.323902064548126,0.0,0.0,0.0,0.0,0.0,0.0,0.0,0.0,0.0,0.0,0.0,0.0,0.2646050916841897,0.2646050916841897,0.2646050916841897,0.2646050916841897,0.0,0.0,0.0,0.0
22,25,0.0,0.06630895707528232,0.0,0.0,0.0,0.0,0.0,0.0,0.0,0.0,0.0,0.0,0.0,0.3756890294452556,0.7371097586946841,0.7371097586946841,1.0,1.0,1.0,1.0,1.0,1.0,1.0,1.0,0.0,0.0,0.0,0.0,0.0,0.0,0.323902064548126,0.323902064548126,0.323902064548126,0.323902064548126,0.0,0.0,0.0,0.0,0.0,0.0,0.0,0.0,0.0,0.0,0.0,0.0,0.2646050916841897,0.2646050916841897,0.2646050916841897,0.2646050916841897,0.0,0.0,0.0,0.0
23,26,0.0,0.06630895707528232,0.0,0.0,0.0,0.0,0.0,0.0,0.0,0.0,0.0,0.0,0.0,0.3756890294452556,0.7371097586946841,0.7371097586946841,1.0,1.0,1.0,1.0,1.0,1.0,1.0,1.0,0.0,0.0,0.0,0.0,0.0,0.0,0.323902064548126,0.323902064548126,0.323902064548126,0.323902064548126,0.0,0.0,0.0,0.0,0.0,0.0,0.0,0.0,0.0,0.0,0.0,0.0,0.2646050916841897,0.2646050916841897,0.2646050916841897,0.2646050916841897,0.0,0.0,0.0,0.0
24,27,0.0,0.12025415917764008,0.0,0.0,0.0,0.0,0.45990963172485233,0.45990963172485233,0.0,0.0,0.0,0.0,0.0,0.29041166119459316,0.3530270569113045,0.3530270569113045,0.0,0.0,0.0,0.0,0.0,0.0,0.0,0.0,1.0,1.0,1.0,1.0,1.0,1.0,0.5638020706932494,0.5638020706932494,0.5638020706932494,0.5638020706932494,0.11590361010031737,0.11590361010031737,0.11590361010031737,0.11590361010031737,0.11590361010031737,0.11590361010031737,0.11590361010031737,0.11590361010031737,0.11590361010031737,0.11590361010031737,0.11590361010031737,0.11590361010031737,0.16086473711446156,0.16086473711446156,0.16086473711446156,0.16086473711446156,0.13091258456107174,0.11965678042015765,0.11333368135405629,0.1032798951013824
25,28,0.0,0.12025415917764008,0.0,0.0,0.0,0.0,0.45990963172485233,0.45990963172485233,0.0,0.0,0.0,0.0,0.0,0.29041166119459316,0.3530270569113045,0.3530270569113045,0.0,0.0,0.0,0.0,0.0,0.0,0.0,0.0,1.0,1.0,1.0,1.0,1.0,1.0,0.5638020706932494,0.5638020706932494,0.5638020706932494,0.5638020706932494,0.11590361010031737,0.11590361010031737,0.11590361010031737,0.11590361010031737,0.11590361010031737,0.11590361010031737,0.11590361010031737,0.11590361010031737,0.11590361010031737,0.11590361010031737,0.11590361010031737,0.11590361010031737,0.16086473711446156,0.16086473711446156,0.16086473711446156,0.16086473711446156,0.13091258456107174,0.11965678042015765,0.11333368135405629,0.1032798951013824
26,29,0.0,0.12025415917764008,0.0,0.0,0.0,0.0,0.45990963172485233,0.45990963172485233,0.0,0.0,0.0,0.0,0.0,0.29041166119459316,0.3530270569113045,0.3530270569113045,0.0,0.0,0.0,0.0,0.0,0.0,0.0,0.0,1.0,1.0,1.0,1.0,1.0,1.0,0.5638020706932494,0.5638020706932494,0.5638020706932494,0.5638020706932494,0.11590361010031737,0.11590361010031737,0.11590361010031737,0.11590361010031737,0.11590361010031737,0.11590361010031737,0.11590361010031737,0.11590361010031737,0.11590361010031737,0.11590361010031737,0.11590361010031737,0.11590361010031737,0.16086473711446156,0.16086473711446156,0.16086473711446156,0.16086473711446156,0.13091258456107174,0.11965678042015765,0.11333368135405629,0.1032798951013824
27,30,0.0,0.12025415917764008,0.0,0.0,0.0,0.0,0.45990963172485233,0.45990963172485233,0.0,0.0,0.0,0.0,0.0,0.29041166119459316,0.3530270569113045,0.3530270569113045,0.0,0.0,0.0,0.0,0.0,0.0,0.0,0.0,1.0,1.0,1.0,1.0,1.0,1.0,0.5638020706932494,0.5638020706932494,0.5638020706932494,0.5638020706932494,0.11590361010031737,0.11590361010031737,0.11590361010031737,0.11590361010031737,0.11590361010031737,0.11590361010031737,0.11590361010031737,0.11590361010031737,0.11590361010031737,0.11590361010031737,0.11590361010031737,0.11590361010031737,0.16086473711446156,0.16086473711446156,0.16086473711446156,0.16086473711446156,0.13091258456107174,0.11965678042015765,0.11333368135405629,0.1032798951013824
28,31,0.0,0.12025415917764008,0.0,0.0,0.0,0.0,0.45990963172485233,0.45990963172485233,0.0,0.0,0.0,0.0,0.0,0.29041166119459316,0.3530270569113045,0.3530270569113045,0.0,0.0,0.0,0.0,0.0,0.0,0.0,0.0,1.0,1.0,1.0,1.0,1.0,1.0,0.5638020706932494,0.5638020706932494,0.5638020706932494,0.5638020706932494,0.11590361010031737,0.11590361010031737,0.11590361010031737,0.11590361010031737,0.11590361010031737,0.11590361010031737,0.11590361010031737,0.11590361010031737,0.11590361010031737,0.11590361010031737,0.11590361010031737,0.11590361010031737,0.16086473711446156,0.16086473711446156,0.16086473711446156,0.16086473711446156,0.13091258456107174,0.11965678042015765,0.11333368135405629,0.1032798951013824
29,32,0.0,0.12025415917764008,0.0,0.0,0.0,0.0,0.45990963172485233,0.45990963172485233,0.0,0.0,0.0,0.0,0.0,0.29041166119459316,0.3530270569113045,0.3530270569113045,0.0,0.0,0.0,0.0,0.0,0.0,0.0,0.0,1.0,1.0,1.0,1.0,1.0,1.0,0.5638020706932494,0.5638020706932494,0.5638020706932494,0.5638020706932494,0.11590361010031737,0.11590361010031737,0.11590361010031737,0.11590361010031737,0.11590361010031737,0.11590361010031737,0.11590361010031737,0.11590361010031737,0.11590361010031737,0.11590361010031737,0.11590361010031737,0.11590361010031737,0.16086473711446156,0.16086473711446156,0.16086473711446156,0.16086473711446156,0.13091258456107174,0.11965678042015765,0.11333368135405629,0.1032798951013824
30,33,0.0,0.0,0.0,0.0,0.0,0.0,0.47336674505716436,0.47336674505716436,0.0,0.0,0.0,0.0,0.0,0.0,0.0,0.0,0.323902064548126,0.323902064548126,0.323902064548126,0.323902064548126,0.323902064548126,0.323902064548126,0.323902064548126,0.323902064548126,0.5638020706932494,0.5638020706932494,0.5638020706932494,0.5638020706932494,0.5638020706932494,0.5638020706932494,1.0,1.0,1.0,1.0,0.11929498942606545,0.11929498942606545,0.11929498942606545,0.11929498942606545,0.11929498942606545,0.11929498942606545,0.11929498942606545,0.11929498942606545,0.11929498942606545,0.11929498942606545,0.11929498942606545,0.11929498942606545,0.16557169441475353,0.16557169441475353,0.16557169441475353,0.16557169441475353,0.13474313161975607,0.12315797879483527,0.11664986368454967,0.10630190020294135
31,34,0.0,0.0,0.0,0.0,0.0,0.0,0.47336674505716436,0.47336674505716436,0.0,0.0,0.0,0.0,0.0,0.0,0.0,0.0,0.323902064548126,0.323902064548126,0.323902064548126,0.323902064548126,0.323902064548126,0.323902064548126,0.323902064548126,0.323902064548126,0.5638020706932494,0.5638020706932494,0.5638020706932494,0.5638020706932494,0.5638020706932494,0.5638020706932494,1.0,1.0,1.0,1.0,0.11929498942606545,0.11929498942606545,0.11929498942606545,0.11929498942606545,0.11929498942606545,0.11929498942606545,0.11929498942606545,0.11929498942606545,0.11929498942606545,0.11929498942606545,0.11929498942606545,0.11929498942606545,0.16557169441475353,0.16557169441475353,0.16557169441475353,0.16557169441475353,0.13474313161975607,0.12315797879483527,0.11664986368454967,0.10630190020294135
32,35,0.0,0.0,0.0,0.0,0.0,0.0,0.47336674505716436,0.47336674505716436,0.0,0.0,0.0,0.0,0.0,0.0,0.0,0.0,0.323902064548126,0.323902064548126,0.323902064548126,0.323902064548126,0.323902064548126,0.323902064548126,0.323902064548126,0.323902064548126,0.5638020706932494,0.5638020706932494,0.5638020706932494,0.5638020706932494,0.5638020706932494,0.5638020706932494,1.0,1.0,1.0,1.0,0.11929498942606545,0.11929498942606545,0.11929498942606545,0.11929498942606545,0.11929498942606545,0.11929498942606545,0.11929498942606545,0.11929498942606545,0.11929498942606545,0.11929498942606545,0.11929498942606545,0.11929498942606545,0.16557169441475353,0.16557169441475353,0.16557169441475353,0.16557169441475353,0.13474313161975607,0.12315797879483527,0.11664986368454967,0.10630190020294135
33,36,0.0,0.0,0.0,0.0,0.0,0.0,0.47336674505716436,0.47336674505716436,0.0,0.0,0.0,0.0,0.0,0.0,0.0,0.0,0.323902064548126,0.323902064548126,0.323902064548126,0.323902064548126,0.323902064548126,0.323902064548126,0.323902064548126,0.323902064548126,0.5638020706932494,0.5638020706932494,0.5638020706932494,0.5638020706932494,0.5638020706932494,0.5638020706932494,1.0,1.0,1.0,1.0,0.11929498942606545,0.11929498942606545,0.11929498942606545,0.11929498942606545,0.11929498942606545,0.11929498942606545,0.11929498942606545,0.11929498942606545,0.11929498942606545,0.11929498942606545,0.11929498942606545,0.11929498942606545,0.16557169441475353,0.16557169441475353,0.16557169441475353,0.16557169441475353,0.13474313161975607,0.12315797879483527,0.11664986368454967,0.10630190020294135
34,37,0.0,0.0,0.0,0.0,0.0,0.0,0.09731236812610526,0.09731236812610526,0.0,0.0,0.0,0.0,0.0,0.0,0.0,0.0,0.0,0.0,0.0,0.0,0.0,0.0,0.0,0.0,0.11590361010031737,0.11590361010031737,0.11590361010031737,0.11590361010031737,0.11590361010031737,0.11590361010031737,0.11929498942606545,0.11929498942606545,0.11929498942606545,0.11929498942606545,1.0,1.0,1.0,1.0,0.5517761511735759,0.5517761511735759,0.5517761511735759,0.5517761511735759,0.5517761511735759,0.5517761511735759,0.5517761511735759,0.5517761511735759,0.12298936408749278,0.12298936408749278,0.12298936408749278,0.12298936408749278,0.10008940315340802,0.09148376205134735,0.08664942764623357,0.0789627910342077
35,38,0.0,0.0,0.0,0.0,0.0,0.0,0.09731236812610526,0.09731236812610526,0.0,0.0,0.0,0.0,0.0,0.0,0.0,0.0,0.0,0.0,0.0,0.0,0.0,0.0,0.0,0.0,0.11590361010031737,0.11590361010031737,0.11590361010031737,0.11590361010031737,0.11590361010031737,0.11590361010031737,0.11929498942606545,0.11929498942606545,0.11929498942606545,0.11929498942606545,1.0,1.0,1.0,1.0,0.5517761511735759,0.5517761511735759,0.5517761511735759,0.5517761511735759,0.5517761511735759,0.5517761511735759,0.5517761511735759,0.5517761511735759,0.12298936408749278,0.12298936408749278,0.12298936408749278,0.12298936408749278,0.10008940315340802,0.09148376205134735,0.08664942764623357,0.0789627910342077
36,39,0.0,0.0,0.0,0.0,0.0,0.0,0.09731236812610526,0.09731236812610526,0.0,0.0,0.0,0.0,0.0,0.0,0.0,0.0,0.0,0.0,0.0,0.0,0.0,0.0,0.0,0.0,0.11590361010031737,0.11590361010031737,0.11590361010031737,0.11590361010031737,0.11590361010031737,0.11590361010031737,0.11929498942606545,0.11929498942606545,0.11929498942606545,0.11929498942606545,1.0,1.0,1.0,1.0,0.5517761511735759,0.5517761511735759,0.5517761511735759,0.5517761511735759,0.5517761511735759,0.5517761511735759,0.5517761511735759,0.5517761511735759,0.12298936408749278,0.12298936408749278,0.12298936408749278,0.12298936408749278,0.10008940315340802,0.09148376205134735,0.08664942764623357,0.0789627910342077
37,40,0.0,0.0,0.0,0.0,0.0,0.0,0.09731236812610526,0.09731236812610526,0.0,0.0,0.0,0.0,0.0,0.0,0.0,0.0,0.0,0.0,0.0,0.0,0.0,0.0,0.0,0.0,0.11590361010031737,0.11590361010031737,0.11590361010031737,0.11590361010031737,0.11590361010031737,0.11590361010031737,0.11929498942606545,0.11929498942606545,0.11929498942606545,0.11929498942606545,1.0,1.0,1.0,1.0,0.5517761511735759,0.5517761511735759,0.5517761511735759,0.5517761511735759,0.5517761511735759,0.5517761511735759,0.5517761511735759,0.5517761511735759,0.12298936408749278,0.12298936408749278,0.12298936408749278,0.12298936408749278,0.10008940315340802,0.09148376205134735,0.08664942764623357,0.0789627910342077
38,41,0.0,0.0,0.0,0.0,0.0,0.0,0.09731236812610526,0.09731236812610526,0.0,0.0,0.0,0.0,0.0,0.0,0.0,0.0,0.0,0.0,0.0,0.0,0.0,0.0,0.0,0.0,0.11590361010031737,0.11590361010031737,0.11590361010031737,0.11590361010031737,0.11590361010031737,0.11590361010031737,0.11929498942606545,0.11929498942606545,0.11929498942606545,0.11929498942606545,0.5517761511735759,0.5517761511735759,0.5517761511735759,0.5517761511735759,1.0,1.0,1.0,1.0,0.5517761511735759,0.5517761511735759,0.5517761511735759,0.5517761511735759,0.12298936408749278,0.12298936408749278,0.12298936408749278,0.12298936408749278,0.10008940315340802,0.09148376205134735,0.08664942764623357,0.0789627910342077
39,42,0.0,0.0,0.0,0.0,0.0,0.0,0.09731236812610526,0.09731236812610526,0.0,0.0,0.0,0.0,0.0,0.0,0.0,0.0,0.0,0.0,0.0,0.0,0.0,0.0,0.0,0.0,0.11590361010031737,0.11590361010031737,0.11590361010031737,0.11590361010031737,0.11590361010031737,0.11590361010031737,0.11929498942606545,0.11929498942606545,0.11929498942606545,0.11929498942606545,0.5517761511735759,0.5517761511735759,0.5517761511735759,0.5517761511735759,1.0,1.0,1.0,1.0,0.5517761511735759,0.5517761511735759,0.5517761511735759,0.5517761511735759,0.12298936408749278,0.12298936408749278,0.12298936408749278,0.12298936408749278,0.10008940315340802,0.09148376205134735,0.08664942764623357,0.0789627910342077
40,43,0.0,0.0,0.0,0.0,0.0,0.0,0.09731236812610526,0.09731236812610526,0.0,0.0,0.0,0.0,0.0,0.0,0.0,0.0,0.0,0.0,0.0,0.0,0.0,0.0,0.0,0.0,0.11590361010031737,0.11590361010031737,0.11590361010031737,0.11590361010031737,0.11590361010031737,0.11590361010031737,0.11929498942606545,0.11929498942606545,0.11929498942606545,0.11929498942606545,0.5517761511735759,0.5517761511735759,0.5517761511735759,0.5517761511735759,1.0,1.0,1.0,1.0,0.5517761511735759,0.5517761511735759,0.5517761511735759,0.5517761511735759,0.12298936408749278,0.12298936408749278,0.12298936408749278,0.12298936408749278,0.10008940315340802,0.09148376205134735,0.08664942764623357,0.0789627910342077
41,44,0.0,0.0,0.0,0.0,0.0,0.0,0.09731236812610526,0.09731236812610526,0.0,0.0,0.0,0.0,0.0,0.0,0.0,0.0,0.0,0.0,0.0,0.0,0.0,0.0,0.0,0.0,0.11590361010031737,0.11590361010031737,0.11590361010031737,0.11590361010031737,0.11590361010031737,0.11590361010031737,0.11929498942606545,0.11929498942606545,0.11929498942606545,0.11929498942606545,0.5517761511735759,0.5517761511735759,0.5517761511735759,0.5517761511735759,1.0,1.0,1.0,1.0,0.5517761511735759,0.5517761511735759,0.5517761511735759,0.5517761511735759,0.12298936408749278,0.12298936408749278,0.12298936408749278,0.12298936408749278,0.10008940315340802,0.09148376205134735,0.08664942764623357,0.0789627910342077
42,45,0.0,0.0,0.0,0.0,0.0,0.0,0.09731236812610526,0.09731236812610526,0.0,0.0,0.0,0.0,0.0,0.0,0.0,0.0,0.0,0.0,0.0,0.0,0.0,0.0,0.0,0.0,0.11590361010031737,0.11590361010031737,0.11590361010031737,0.11590361010031737,0.11590361010031737,0.11590361010031737,0.11929498942606545,0.11929498942606545,0.11929498942606545,0.11929498942606545,0.5517761511735759,0.5517761511735759,0.5517761511735759,0.5517761511735759,0.5517761511735759,0.5517761511735759,0.5517761511735759,0.5517761511735759,1.0,1.0,1.0,1.0,0.12298936408749278,0.12298936408749278,0.12298936408749278,0.12298936408749278,0.10008940315340802,0.09148376205134735,0.08664942764623357,0.0789627910342077
43,46,0.0,0.0,0.0,0.0,0.0,0.0,0.09731236812610526,0.09731236812610526,0.0,0.0,0.0,0.0,0.0,0.0,0.0,0.0,0.0,0.0,0.0,0.0,0.0,0.0,0.0,0.0,0.11590361010031737,0.11590361010031737,0.11590361010031737,0.11590361010031737,0.11590361010031737,0.11590361010031737,0.11929498942606545,0.11929498942606545,0.11929498942606545,0.11929498942606545,0.5517761511735759,0.5517761511735759,0.5517761511735759,0.5517761511735759,0.5517761511735759,0.5517761511735759,0.5517761511735759,0.5517761511735759,1.0,1.0,1.0,1.0,0.12298936408749278,0.12298936408749278,0.12298936408749278,0.12298936408749278,0.10008940315340802,0.09148376205134735,0.08664942764623357,0.0789627910342077
44,47,0.0,0.0,0.0,0.0,0.0,0.0,0.09731236812610526,0.09731236812610526,0.0,0.0,0.0,0.0,0.0,0.0,0.0,0.0,0.0,0.0,0.0,0.0,0.0,0.0,0.0,0.0,0.11590361010031737,0.11590361010031737,0.11590361010031737,0.11590361010031737,0.11590361010031737,0.11590361010031737,0.11929498942606545,0.11929498942606545,0.11929498942606545,0.11929498942606545,0.5517761511735759,0.5517761511735759,0.5517761511735759,0.5517761511735759,0.5517761511735759,0.5517761511735759,0.5517761511735759,0.5517761511735759,1.0,1.0,1.0,1.0,0.12298936408749278,0.12298936408749278,0.12298936408749278,0.12298936408749278,0.10008940315340802,0.09148376205134735,0.08664942764623357,0.0789627910342077
45,46,0.0,0.0,0.0,0.0,0.0,0.0,0.09731236812610526,0.09731236812610526,0.0,0.0,0.0,0.0,0.0,0.0,0.0,0.0,0.0,0.0,0.0,0.0,0.0,0.0,0.0,0.0,0.11590361010031737,0.11590361010031737,0.11590361010031737,0.11590361010031737,0.11590361010031737,0.11590361010031737,0.11929498942606545,0.11929498942606545,0.11929498942606545,0.11929498942606545,0.5517761511735759,0.5517761511735759,0.5517761511735759,0.5517761511735759,0.5517761511735759,0.5517761511735759,0.5517761511735759,0.5517761511735759,1.0,1.0,1.0,1.0,0.12298936408749278,0.12298936408749278,0.12298936408749278,0.12298936408749278,0.10008940315340802,0.09148376205134735,0.08664942764623357,0.0789627910342077
46,47,0.3731343283737529,0.08858164106347496,0.0,0.0,0.0,0.0,0.13506161286126123,0.13506161286126123,0.3731343283737529,0.3731343283737529,0.3731343283737529,0.3731343283737529,0.3731343283737529,0.2139230917958159,0.260046856215737,0.260046856215737,0.2646050916841897,0.2646050916841897,0.2646050916841897,0.2646050916841897,0.2646050916841897,0.2646050916841897,0.2646050916841897,0.2646050916841897,0.16086473711446156,0.16086473711446156,0.16086473711446156,0.16086473711446156,0.16086473711446156,0.16086473711446156,0.16557169441475353,0.16557169441475353,0.16557169441475353,0.16557169441475353,0.12298936408749278,0.12298936408749278,0.12298936408749278,0.12298936408749278,0.12298936408749278,0.12298936408749278,0.12298936408749278,0.12298936408749278,0.12298936408749278,0.12298936408749278,0.12298936408749278,0.12298936408749278,1.0000000000000002,1.0000000000000002,1.0000000000000002,1.0000000000000002,0.5261382092737257,0.12697198404686835,0.12026232304037399,0.10959389971156042
47,48,0.3731343283737529,0.08858164106347496,0.0,0.0,0.0,0.0,0.13506161286126123,0.13506161286126123,0.3731343283737529,0.3731343283737529,0.3731343283737529,0.3731343283737529,0.3731343283737529,0.2139230917958159,0.260046856215737,0.260046856215737,0.2646050916841897,0.2646050916841897,0.2646050916841897,0.2646050916841897,0.2646050916841897,0.2646050916841897,0.2646050916841897,0.2646050916841897,0.16086473711446156,0.16086473711446156,0.16086473711446156,0.16086473711446156,0.16086473711446156,0.16086473711446156,0.16557169441475353,0.16557169441475353,0.16557169441475353,0.16557169441475353,0.12298936408749278,0.12298936408749278,0.12298936408749278,0.12298936408749278,0.12298936408749278,0.12298936408749278,0.12298936408749278,0.12298936408749278,0.12298936408749278,0.12298936408749278,0.12298936408749278,0.12298936408749278,1.0000000000000002,1.0000000000000002,1.0000000000000002,1.0000000000000002,0.5261382092737257,0.12697198404686835,0.12026232304037399,0.10959389971156042
48,49,0.3731343283737529,0.08858164106347496,0.0,0.0,0.0,0.0,0.13506161286126123,0.13506161286126123,0.3731343283737529,0.3731343283737529,0.3731343283737529,0.3731343283737529,0.3731343283737529,0.2139230917958159,0.260046856215737,0.260046856215737,0.2646050916841897,0.2646050916841897,0.2646050916841897,0.2646050916841897,0.2646050916841897,0.2646050916841897,0.2646050916841897,0.2646050916841897,0.16086473711446156,0.16086473711446156,0.16086473711446156,0.16086473711446156,0.16086473711446156,0.16086473711446156,0.16557169441475353,0.16557169441475353,0.16557169441475353,0.16557169441475353,0.12298936408749278,0.12298936408749278,0.12298936408749278,0.12298936408749278,0.12298936408749278,0.12298936408749278,0.12298936408749278,0.12298936408749278,0.12298936408749278,0.12298936408749278,0.12298936408749278,0.12298936408749278,1.0000000000000002,1.0000000000000002,1.0000000000000002,1.0000000000000002,0.5261382092737257,0.12697198404686835,0.12026232304037399,0.10959389971156042
49,50,0.3731343283737529,0.08858164106347496,0.0,0.0,0.0,0.0,0.13506161286126123,0.13506161286126123,0.3731343283737529,0.3731343283737529,0.3731343283737529,0.3731343283737529,0.3731343283737529,0.2139230917958159,0.260046856215737,0.260046856215737,0.2646050916841897,0.2646050916841897,0.2646050916841897,0.2646050916841897,0.2646050916841897,0.2646050916841897,0.2646050916841897,0.2646050916841897,0.16086473711446156,0.16086473711446156,0.16086473711446156,0.16086473711446156,0.16086473711446156,0.16086473711446156,0.16557169441475353,0.16557169441475353,0.16557169441475353,0.16557169441475353,0.12298936408749278,0.12298936408749278,0.12298936408749278,0.12298936408749278,0.12298936408749278,0.12298936408749278,0.12298936408749278,0.12298936408749278,0.12298936408749278,0.12298936408749278,0.12298936408749278,0.12298936408749278,1.0000000000000002,1.0000000000000002,1.0000000000000002,1.0000000000000002,0.5261382092737257,0.12697198404686835,0.12026232304037399,0.10959389971156042
50,51,0.30365871471949996,0.0,0.0,0.0,0.0,0.0,0.10991386385739521,0.10991386385739521,0.30365871471949996,0.30365871471949996,0.30365871471949996,0.30365871471949996,0.30365871471949996,0.0,0.0,0.0,0.0,0.0,0.0,0.0,0.0,0.0,0.0,0.0,0.13091258456107174,0.13091258456107174,0.13091258456107174,0.13091258456107174,0.13091258456107174,0.13091258456107174,0.13474313161975607,0.13474313161975607,0.13474313161975607,0.13474313161975607,0.10008940315340802,0.10008940315340802,0.10008940315340802,0.10008940315340802,0.10008940315340802,0.10008940315340802,0.10008940315340802,0.10008940315340802,0.10008940315340802,0.10008940315340802,0.10008940315340802,0.10008940315340802,0.5261382092737257,0.5261382092737257,0.5261382092737257,0.5261382092737257,1.0,0.6259910582281559,0.5929114160902713,0.5403144778021776
51,52,0.0,0.0,0.414710983353191,0.3517128573574134,0.3693517768547081,0.3517128573574134,0.10046352011773137,0.10046352011773137,0.0,0.0,0.0,0.0,0.0,0.0,0.0,0.0,0.0,0.0,0.0,0.0,0.0,0.0,0.0,0.0,0.11965678042015765,0.11965678042015765,0.11965678042015765,0.11965678042015765,0.11965678042015765,0.11965678042015765,0.12315797879483527,0.12315797879483527,0.12315797879483527,0.12315797879483527,0.09148376205134735,0.09148376205134735,0.09148376205134735,0.09148376205134735,0.09148376205134735,0.09148376205134735,0.09148376205134735,0.09148376205134735,0.09148376205134735,0.09148376205134735,0.09148376205134735,0.09148376205134735,0.12697198404686835,0.12697198404686835,0.12697198404686835,0.12697198404686835,0.6259910582281559,1.0,0.5419331637335562,0.49385848614154054
52,53,0.0,0.0,0.0,0.0,0.0,0.0,0.6417523032624081,0.6417523032624081,0.0,0.0,0.0,0.0,0.0,0.0,0.0,0.0,0.0,0.0,0.0,0.0,0.0,0.0,0.0,0.0,0.11333368135405629,0.11333368135405629,0.11333368135405629,0.11333368135405629,0.11333368135405629,0.11333368135405629,0.11664986368454967,0.11664986368454967,0.11664986368454967,0.11664986368454967,0.08664942764623357,0.08664942764623357,0.08664942764623357,0.08664942764623357,0.08664942764623357,0.08664942764623357,0.08664942764623357,0.08664942764623357,0.08664942764623357,0.08664942764623357,0.08664942764623357,0.08664942764623357,0.12026232304037399,0.12026232304037399,0.12026232304037399,0.12026232304037399,0.5929114160902713,0.5419331637335562,1.0,0.46776120923384806
53,54,0.0,0.0,0.0,0.0,0.0,0.0,0.08671353000508257,0.08671353000508257,0.0,0.0,0.0,0.0,0.0,0.0,0.0,0.0,0.0,0.0,0.0,0.0,0.0,0.0,0.0,0.0,0.1032798951013824,0.1032798951013824,0.1032798951013824,0.1032798951013824,0.1032798951013824,0.1032798951013824,0.10630190020294135,0.10630190020294135,0.10630190020294135,0.10630190020294135,0.0789627910342077,0.0789627910342077,0.0789627910342077,0.0789627910342077,0.0789627910342077,0.0789627910342077,0.0789627910342077,0.0789627910342077,0.0789627910342077,0.0789627910342077,0.0789627910342077,0.0789627910342077,0.10959389971156042,0.10959389971156042,0.10959389971156042,0.10959389971156042,0.5403144778021776,0.49385848614154054,0.46776120923384806,1.0
