,product_name,iphone 14 pro max,laptop asus tuf gaming fx506lhb-hn188w,điện thoại di động samsung galaxy s21 ultra,chuột logitech g502 hero,chuột logitech g102 lightsync,chuột logitech g402 hyperion fury,chuột logitech mx master 3,iphone 13 pro max,iphone 13 pro ,iphone 13,iphone 14 pro ,iphone 14,asus zenbook 14x oled um5401qa-kn209w,asus rog zephyrus g14,asus vivobook s15,dell xps 13,dell inspiron 15,dell latitude 7400,dell alienware m15,dell g3 15,dell vostro 14,dell precision 5550,dell xps 15,chuột asus rog gladius iii,chuột asus rog chakram,chuột asus rog pugio ii,chuột asus tuf gaming m5,chuột asus cerberus,chuột asus rog strix impact ii,chuột dell wireless mouse-wm126,chuột dell premier wireless mouse-wm527,chuột dell alienware elite gaming mouse-aw958,chuột dell bluetooth mouse-wm615,bàn phím logitech g pro mechanical gaming ,bàn phím logitech mx keys advanced wireless illuminated,bàn phím logitech k840 mechanical,bàn phím logitech craft advanced wireless,bàn phím razer blackwidow elite mechanical gaming,bàn phím razer huntsman elite opto-mechanical gaming,bàn phím razer ornata chroma gaming,bàn phím razer cynosa chroma,bàn phím corsair k95 rgb platinum mechanical gaming ,bàn phím corsair k70 rgb mk.2 mechanical gaming,bàn phím corsair strafe rgb mechanical gaming,bàn phím corsair k68 mechanical gaming,macbook air (m1 chip),macbook pro 13-inch (m1 chip),macbook pro 16-inch (intel),imac 24-inch (m1 chip),apple ipad pro,samsung galaxy tab s7+,microsoft surface pro 7,huawei matepad pro
0,iphone 14 pro max,1.0,0.0,0.0,0.0,0.0,0.0,0.0,0.75,0.5773502691896258,0.35355339059327373,0.8660254037844388,0.7071067811865475,0.0,0.0,0.0,0.0,0.0,0.0,0.0,0.0,0.2886751345948129,0.0,0.0,0.0,0.0,0.0,0.0,0.0,0.0,0.0,0.0,0.0,0.0,0.20412414523193154,0.0,0.0,0.0,0.0,0.0,0.0,0.0,0.0,0.0,0.0,0.0,0.0,0.20412414523193154,0.22360679774997896,0.0,0.2886751345948129,0.0,0.2886751345948129,0.2886751345948129
1,laptop asus tuf gaming fx506lhb-hn188w,0.0,1.0000000000000002,0.0,0.0,0.0,0.0,0.0,0.0,0.0,0.0,0.0,0.0,0.1666666666666667,0.20412414523193154,0.2357022603955159,0.0,0.0,0.0,0.0,0.0,0.0,0.0,0.0,0.18257418583505539,0.20412414523193154,0.18257418583505539,0.5477225575051662,0.2357022603955159,0.1666666666666667,0.0,0.0,0.1543033499620919,0.0,0.1666666666666667,0.0,0.0,0.0,0.1543033499620919,0.14433756729740646,0.1666666666666667,0.0,0.14433756729740646,0.14433756729740646,0.1543033499620919,0.1666666666666667,0.0,0.0,0.0,0.0,0.0,0.0,0.0,0.0
2,điện thoại di động samsung galaxy s21 ultra,0.0,0.0,0.9999999999999999,0.0,0.0,0.0,0.0,0.0,0.0,0.0,0.0,0.0,0.0,0.0,0.0,0.0,0.0,0.0,0.0,0.0,0.0,0.0,0.0,0.0,0.0,0.0,0.0,0.0,0.0,0.0,0.0,0.0,0.0,0.0,0.0,0.0,0.0,0.0,0.0,0.0,0.0,0.0,0.0,0.0,0.0,0.0,0.0,0.0,0.0,0.0,0.35355339059327373,0.0,0.0
3,chuột logitech g502 hero,0.0,0.0,0.0,1.0,0.5,0.4472135954999579,0.5,0.0,0.0,0.0,0.0,0.0,0.0,0.0,0.0,0.0,0.0,0.0,0.0,0.0,0.0,0.0,0.0,0.22360679774997896,0.25,0.22360679774997896,0.22360679774997896,0.2886751345948129,0.20412414523193154,0.22360679774997896,0.20412414523193154,0.1889822365046136,0.22360679774997896,0.20412414523193154,0.17677669529663687,0.22360679774997896,0.20412414523193154,0.0,0.0,0.0,0.0,0.0,0.0,0.0,0.0,0.0,0.0,0.0,0.0,0.0,0.0,0.0,0.0
4,chuột logitech g102 lightsync,0.0,0.0,0.0,0.5,1.0,0.4472135954999579,0.5,0.0,0.0,0.0,0.0,0.0,0.0,0.0,0.0,0.0,0.0,0.0,0.0,0.0,0.0,0.0,0.0,0.22360679774997896,0.25,0.22360679774997896,0.22360679774997896,0.2886751345948129,0.20412414523193154,0.22360679774997896,0.20412414523193154,0.1889822365046136,0.22360679774997896,0.20412414523193154,0.17677669529663687,0.22360679774997896,0.20412414523193154,0.0,0.0,0.0,0.0,0.0,0.0,0.0,0.0,0.0,0.0,0.0,0.0,0.0,0.0,0.0,0.0
5,chuột logitech g402 hyperion fury,0.0,0.0,0.0,0.4472135954999579,0.4472135954999579,0.9999999999999999,0.4472135954999579,0.0,0.0,0.0,0.0,0.0,0.0,0.0,0.0,0.0,0.0,0.0,0.0,0.0,0.0,0.0,0.0,0.19999999999999998,0.22360679774997896,0.19999999999999998,0.19999999999999998,0.25819888974716115,0.18257418583505539,0.19999999999999998,0.18257418583505539,0.1690308509457033,0.19999999999999998,0.18257418583505539,0.15811388300841894,0.19999999999999998,0.18257418583505539,0.0,0.0,0.0,0.0,0.0,0.0,0.0,0.0,0.0,0.0,0.0,0.0,0.0,0.0,0.0,0.0
6,chuột logitech mx master 3,0.0,0.0,0.0,0.5,0.5,0.4472135954999579,1.0,0.0,0.0,0.0,0.0,0.0,0.0,0.0,0.0,0.0,0.0,0.0,0.0,0.0,0.0,0.0,0.0,0.22360679774997896,0.25,0.22360679774997896,0.22360679774997896,0.2886751345948129,0.20412414523193154,0.22360679774997896,0.20412414523193154,0.1889822365046136,0.22360679774997896,0.20412414523193154,0.35355339059327373,0.22360679774997896,0.20412414523193154,0.0,0.0,0.0,0.0,0.0,0.0,0.0,0.0,0.0,0.0,0.0,0.0,0.0,0.0,0.0,0.0
7,iphone 13 pro max,0.75,0.0,0.0,0.0,0.0,0.0,0.0,1.0,0.8660254037844388,0.7071067811865475,0.5773502691896258,0.35355339059327373,0.0,0.0,0.0,0.2886751345948129,0.0,0.0,0.0,0.0,0.0,0.0,0.0,0.0,0.0,0.0,0.0,0.0,0.0,0.0,0.0,0.0,0.0,0.20412414523193154,0.0,0.0,0.0,0.0,0.0,0.0,0.0,0.0,0.0,0.0,0.0,0.0,0.4082482904638631,0.22360679774997896,0.0,0.2886751345948129,0.0,0.2886751345948129,0.2886751345948129
8,iphone 13 pro ,0.5773502691896258,0.0,0.0,0.0,0.0,0.0,0.0,0.8660254037844388,1.0000000000000002,0.816496580927726,0.6666666666666669,0.408248290463863,0.0,0.0,0.0,0.3333333333333334,0.0,0.0,0.0,0.0,0.0,0.0,0.0,0.0,0.0,0.0,0.0,0.0,0.0,0.0,0.0,0.0,0.0,0.2357022603955159,0.0,0.0,0.0,0.0,0.0,0.0,0.0,0.0,0.0,0.0,0.0,0.0,0.4714045207910318,0.25819888974716115,0.0,0.3333333333333334,0.0,0.3333333333333334,0.3333333333333334
9,iphone 13,0.35355339059327373,0.0,0.0,0.0,0.0,0.0,0.0,0.7071067811865475,0.816496580927726,0.9999999999999998,0.408248290463863,0.4999999999999999,0.0,0.0,0.0,0.408248290463863,0.0,0.0,0.0,0.0,0.0,0.0,0.0,0.0,0.0,0.0,0.0,0.0,0.0,0.0,0.0,0.0,0.0,0.0,0.0,0.0,0.0,0.0,0.0,0.0,0.0,0.0,0.0,0.0,0.0,0.0,0.2886751345948129,0.0,0.0,0.0,0.0,0.0,0.0
10,iphone 14 pro ,0.8660254037844388,0.0,0.0,0.0,0.0,0.0,0.0,0.5773502691896258,0.6666666666666669,0.408248290463863,1.0000000000000002,0.816496580927726,0.0,0.0,0.0,0.0,0.0,0.0,0.0,0.0,0.3333333333333334,0.0,0.0,0.0,0.0,0.0,0.0,0.0,0.0,0.0,0.0,0.0,0.0,0.2357022603955159,0.0,0.0,0.0,0.0,0.0,0.0,0.0,0.0,0.0,0.0,0.0,0.0,0.2357022603955159,0.25819888974716115,0.0,0.3333333333333334,0.0,0.3333333333333334,0.3333333333333334
11,iphone 14,0.7071067811865475,0.0,0.0,0.0,0.0,0.0,0.0,0.35355339059327373,0.408248290463863,0.4999999999999999,0.816496580927726,0.9999999999999998,0.0,0.0,0.0,0.0,0.0,0.0,0.0,0.0,0.408248290463863,0.0,0.0,0.0,0.0,0.0,0.0,0.0,0.0,0.0,0.0,0.0,0.0,0.0,0.0,0.0,0.0,0.0,0.0,0.0,0.0,0.0,0.0,0.0,0.0,0.0,0.0,0.0,0.0,0.0,0.0,0.0,0.0
12,asus zenbook 14x oled um5401qa-kn209w,0.0,0.1666666666666667,0.0,0.0,0.0,0.0,0.0,0.0,0.0,0.0,0.0,0.0,1.0000000000000002,0.20412414523193154,0.2357022603955159,0.0,0.0,0.0,0.0,0.0,0.0,0.0,0.0,0.18257418583505539,0.20412414523193154,0.18257418583505539,0.18257418583505539,0.2357022603955159,0.1666666666666667,0.0,0.0,0.0,0.0,0.0,0.0,0.0,0.0,0.0,0.0,0.0,0.0,0.0,0.0,0.0,0.0,0.0,0.0,0.0,0.0,0.0,0.0,0.0,0.0
13,asus rog zephyrus g14,0.0,0.20412414523193154,0.0,0.0,0.0,0.0,0.0,0.0,0.0,0.0,0.0,0.0,0.20412414523193154,1.0,0.2886751345948129,0.0,0.0,0.0,0.0,0.0,0.0,0.0,0.0,0.4472135954999579,0.5,0.4472135954999579,0.22360679774997896,0.2886751345948129,0.4082482904638631,0.0,0.0,0.0,0.0,0.0,0.0,0.0,0.0,0.0,0.0,0.0,0.0,0.0,0.0,0.0,0.0,0.0,0.0,0.0,0.0,0.0,0.0,0.0,0.0
14,asus vivobook s15,0.0,0.2357022603955159,0.0,0.0,0.0,0.0,0.0,0.0,0.0,0.0,0.0,0.0,0.2357022603955159,0.2886751345948129,1.0000000000000002,0.0,0.0,0.0,0.0,0.0,0.0,0.0,0.0,0.25819888974716115,0.2886751345948129,0.25819888974716115,0.25819888974716115,0.3333333333333334,0.2357022603955159,0.0,0.0,0.0,0.0,0.0,0.0,0.0,0.0,0.0,0.0,0.0,0.0,0.0,0.0,0.0,0.0,0.0,0.0,0.0,0.0,0.0,0.0,0.0,0.0
15,dell xps 13,0.0,0.0,0.0,0.0,0.0,0.0,0.0,0.2886751345948129,0.3333333333333334,0.408248290463863,0.0,0.0,0.0,0.0,0.0,1.0000000000000002,0.3333333333333334,0.3333333333333334,0.3333333333333334,0.3333333333333334,0.3333333333333334,0.3333333333333334,0.6666666666666669,0.0,0.0,0.0,0.0,0.0,0.0,0.25819888974716115,0.2357022603955159,0.2182178902359924,0.25819888974716115,0.0,0.0,0.0,0.0,0.0,0.0,0.0,0.0,0.0,0.0,0.0,0.0,0.0,0.2357022603955159,0.0,0.0,0.0,0.0,0.0,0.0
16,dell inspiron 15,0.0,0.0,0.0,0.0,0.0,0.0,0.0,0.0,0.0,0.0,0.0,0.0,0.0,0.0,0.0,0.3333333333333334,1.0000000000000002,0.3333333333333334,0.3333333333333334,0.6666666666666669,0.3333333333333334,0.3333333333333334,0.6666666666666669,0.0,0.0,0.0,0.0,0.0,0.0,0.25819888974716115,0.2357022603955159,0.2182178902359924,0.25819888974716115,0.0,0.0,0.0,0.0,0.0,0.0,0.0,0.0,0.0,0.0,0.0,0.0,0.0,0.0,0.0,0.0,0.0,0.0,0.0,0.0
17,dell latitude 7400,0.0,0.0,0.0,0.0,0.0,0.0,0.0,0.0,0.0,0.0,0.0,0.0,0.0,0.0,0.0,0.3333333333333334,0.3333333333333334,1.0000000000000002,0.3333333333333334,0.3333333333333334,0.3333333333333334,0.3333333333333334,0.3333333333333334,0.0,0.0,0.0,0.0,0.0,0.0,0.25819888974716115,0.2357022603955159,0.2182178902359924,0.25819888974716115,0.0,0.0,0.0,0.0,0.0,0.0,0.0,0.0,0.0,0.0,0.0,0.0,0.0,0.0,0.0,0.0,0.0,0.0,0.0,0.0
18,dell alienware m15,0.0,0.0,0.0,0.0,0.0,0.0,0.0,0.0,0.0,0.0,0.0,0.0,0.0,0.0,0.0,0.3333333333333334,0.3333333333333334,0.3333333333333334,1.0000000000000002,0.3333333333333334,0.3333333333333334,0.3333333333333334,0.3333333333333334,0.0,0.0,0.0,0.0,0.0,0.0,0.25819888974716115,0.2357022603955159,0.4364357804719848,0.25819888974716115,0.0,0.0,0.0,0.0,0.0,0.0,0.0,0.0,0.0,0.0,0.0,0.0,0.0,0.0,0.0,0.0,0.0,0.0,0.0,0.0
19,dell g3 15,0.0,0.0,0.0,0.0,0.0,0.0,0.0,0.0,0.0,0.0,0.0,0.0,0.0,0.0,0.0,0.3333333333333334,0.6666666666666669,0.3333333333333334,0.3333333333333334,1.0000000000000002,0.3333333333333334,0.3333333333333334,0.6666666666666669,0.0,0.0,0.0,0.0,0.0,0.0,0.25819888974716115,0.2357022603955159,0.2182178902359924,0.25819888974716115,0.0,0.0,0.0,0.0,0.0,0.0,0.0,0.0,0.0,0.0,0.0,0.0,0.0,0.0,0.0,0.0,0.0,0.0,0.0,0.0
20,dell vostro 14,0.2886751345948129,0.0,0.0,0.0,0.0,0.0,0.0,0.0,0.0,0.0,0.3333333333333334,0.408248290463863,0.0,0.0,0.0,0.3333333333333334,0.3333333333333334,0.3333333333333334,0.3333333333333334,0.3333333333333334,1.0000000000000002,0.3333333333333334,0.3333333333333334,0.0,0.0,0.0,0.0,0.0,0.0,0.25819888974716115,0.2357022603955159,0.2182178902359924,0.25819888974716115,0.0,0.0,0.0,0.0,0.0,0.0,0.0,0.0,0.0,0.0,0.0,0.0,0.0,0.0,0.0,0.0,0.0,0.0,0.0,0.0
21,dell precision 5550,0.0,0.0,0.0,0.0,0.0,0.0,0.0,0.0,0.0,0.0,0.0,0.0,0.0,0.0,0.0,0.3333333333333334,0.3333333333333334,0.3333333333333334,0.3333333333333334,0.3333333333333334,0.3333333333333334,1.0000000000000002,0.3333333333333334,0.0,0.0,0.0,0.0,0.0,0.0,0.25819888974716115,0.2357022603955159,0.2182178902359924,0.25819888974716115,0.0,0.0,0.0,0.0,0.0,0.0,0.0,0.0,0.0,0.0,0.0,0.0,0.0,0.0,0.0,0.0,0.0,0.0,0.0,0.0
22,dell xps 15,0.0,0.0,0.0,0.0,0.0,0.0,0.0,0.0,0.0,0.0,0.0,0.0,0.0,0.0,0.0,0.6666666666666669,0.6666666666666669,0.3333333333333334,0.3333333333333334,0.6666666666666669,0.3333333333333334,0.3333333333333334,1.0000000000000002,0.0,0.0,0.0,0.0,0.0,0.0,0.25819888974716115,0.2357022603955159,0.2182178902359924,0.25819888974716115,0.0,0.0,0.0,0.0,0.0,0.0,0.0,0.0,0.0,0.0,0.0,0.0,0.0,0.0,0.0,0.0,0.0,0.0,0.0,0.0
23,chuột asus rog gladius iii,0.0,0.18257418583505539,0.0,0.22360679774997896,0.22360679774997896,0.19999999999999998,0.22360679774997896,0.0,0.0,0.0,0.0,0.0,0.18257418583505539,0.4472135954999579,0.25819888974716115,0.0,0.0,0.0,0.0,0.0,0.0,0.0,0.0,0.9999999999999999,0.6708203932499369,0.6,0.39999999999999997,0.5163977794943223,0.5477225575051662,0.19999999999999998,0.18257418583505539,0.1690308509457033,0.19999999999999998,0.0,0.0,0.0,0.0,0.0,0.0,0.0,0.0,0.0,0.0,0.0,0.0,0.0,0.0,0.0,0.0,0.0,0.0,0.0,0.0
24,chuột asus rog chakram,0.0,0.20412414523193154,0.0,0.25,0.25,0.22360679774997896,0.25,0.0,0.0,0.0,0.0,0.0,0.20412414523193154,0.5,0.2886751345948129,0.0,0.0,0.0,0.0,0.0,0.0,0.0,0.0,0.6708203932499369,1.0,0.6708203932499369,0.4472135954999579,0.5773502691896258,0.6123724356957946,0.22360679774997896,0.20412414523193154,0.1889822365046136,0.22360679774997896,0.0,0.0,0.0,0.0,0.0,0.0,0.0,0.0,0.0,0.0,0.0,0.0,0.0,0.0,0.0,0.0,0.0,0.0,0.0,0.0
25,chuột asus rog pugio ii,0.0,0.18257418583505539,0.0,0.22360679774997896,0.22360679774997896,0.19999999999999998,0.22360679774997896,0.0,0.0,0.0,0.0,0.0,0.18257418583505539,0.4472135954999579,0.25819888974716115,0.0,0.0,0.0,0.0,0.0,0.0,0.0,0.0,0.6,0.6708203932499369,0.9999999999999999,0.39999999999999997,0.5163977794943223,0.7302967433402215,0.19999999999999998,0.18257418583505539,0.1690308509457033,0.19999999999999998,0.0,0.0,0.0,0.0,0.0,0.0,0.0,0.0,0.0,0.0,0.0,0.0,0.0,0.0,0.0,0.0,0.0,0.0,0.0,0.0
26,chuột asus tuf gaming m5,0.0,0.5477225575051662,0.0,0.22360679774997896,0.22360679774997896,0.19999999999999998,0.22360679774997896,0.0,0.0,0.0,0.0,0.0,0.18257418583505539,0.22360679774997896,0.25819888974716115,0.0,0.0,0.0,0.0,0.0,0.0,0.0,0.0,0.39999999999999997,0.4472135954999579,0.39999999999999997,0.9999999999999999,0.5163977794943223,0.36514837167011077,0.19999999999999998,0.18257418583505539,0.3380617018914066,0.19999999999999998,0.18257418583505539,0.0,0.0,0.0,0.1690308509457033,0.15811388300841894,0.18257418583505539,0.0,0.15811388300841894,0.15811388300841894,0.1690308509457033,0.18257418583505539,0.0,0.0,0.0,0.0,0.0,0.0,0.0,0.0
27,chuột asus cerberus,0.0,0.2357022603955159,0.0,0.2886751345948129,0.2886751345948129,0.25819888974716115,0.2886751345948129,0.0,0.0,0.0,0.0,0.0,0.2357022603955159,0.2886751345948129,0.3333333333333334,0.0,0.0,0.0,0.0,0.0,0.0,0.0,0.0,0.5163977794943223,0.5773502691896258,0.5163977794943223,0.5163977794943223,1.0000000000000002,0.4714045207910318,0.25819888974716115,0.2357022603955159,0.2182178902359924,0.25819888974716115,0.0,0.0,0.0,0.0,0.0,0.0,0.0,0.0,0.0,0.0,0.0,0.0,0.0,0.0,0.0,0.0,0.0,0.0,0.0,0.0
28,chuột asus rog strix impact ii,0.0,0.1666666666666667,0.0,0.20412414523193154,0.20412414523193154,0.18257418583505539,0.20412414523193154,0.0,0.0,0.0,0.0,0.0,0.1666666666666667,0.4082482904638631,0.2357022603955159,0.0,0.0,0.0,0.0,0.0,0.0,0.0,0.0,0.5477225575051662,0.6123724356957946,0.7302967433402215,0.36514837167011077,0.4714045207910318,1.0000000000000002,0.18257418583505539,0.1666666666666667,0.1543033499620919,0.18257418583505539,0.0,0.0,0.0,0.0,0.0,0.0,0.0,0.0,0.0,0.0,0.0,0.0,0.0,0.0,0.0,0.0,0.0,0.0,0.0,0.0
29,chuột dell wireless mouse-wm126,0.0,0.0,0.0,0.22360679774997896,0.22360679774997896,0.19999999999999998,0.22360679774997896,0.0,0.0,0.0,0.0,0.0,0.0,0.0,0.0,0.25819888974716115,0.25819888974716115,0.25819888974716115,0.25819888974716115,0.25819888974716115,0.25819888974716115,0.25819888974716115,0.25819888974716115,0.19999999999999998,0.22360679774997896,0.19999999999999998,0.19999999999999998,0.25819888974716115,0.18257418583505539,0.9999999999999999,0.7302967433402215,0.50709255283711,0.6,0.0,0.15811388300841894,0.0,0.18257418583505539,0.0,0.0,0.0,0.0,0.0,0.0,0.0,0.0,0.0,0.0,0.0,0.0,0.0,0.0,0.0,0.0
30,chuột dell premier wireless mouse-wm527,0.0,0.0,0.0,0.20412414523193154,0.20412414523193154,0.18257418583505539,0.20412414523193154,0.0,0.0,0.0,0.0,0.0,0.0,0.0,0.0,0.2357022603955159,0.2357022603955159,0.2357022603955159,0.2357022603955159,0.2357022603955159,0.2357022603955159,0.2357022603955159,0.2357022603955159,0.18257418583505539,0.20412414523193154,0.18257418583505539,0.18257418583505539,0.2357022603955159,0.1666666666666667,0.7302967433402215,1.0000000000000002,0.4629100498862757,0.5477225575051662,0.0,0.14433756729740646,0.0,0.1666666666666667,0.0,0.0,0.0,0.0,0.0,0.0,0.0,0.0,0.0,0.0,0.0,0.0,0.0,0.0,0.0,0.0
31,chuột dell alienware elite gaming mouse-aw958,0.0,0.1543033499620919,0.0,0.1889822365046136,0.1889822365046136,0.1690308509457033,0.1889822365046136,0.0,0.0,0.0,0.0,0.0,0.0,0.0,0.0,0.2182178902359924,0.2182178902359924,0.2182178902359924,0.4364357804719848,0.2182178902359924,0.2182178902359924,0.2182178902359924,0.2182178902359924,0.1690308509457033,0.1889822365046136,0.1690308509457033,0.3380617018914066,0.2182178902359924,0.1543033499620919,0.50709255283711,0.4629100498862757,0.9999999999999997,0.50709255283711,0.1543033499620919,0.0,0.0,0.0,0.28571428571428564,0.26726124191242434,0.1543033499620919,0.0,0.13363062095621217,0.13363062095621217,0.14285714285714282,0.1543033499620919,0.0,0.0,0.0,0.0,0.0,0.0,0.0,0.0
32,chuột dell bluetooth mouse-wm615,0.0,0.0,0.0,0.22360679774997896,0.22360679774997896,0.19999999999999998,0.22360679774997896,0.0,0.0,0.0,0.0,0.0,0.0,0.0,0.0,0.25819888974716115,0.25819888974716115,0.25819888974716115,0.25819888974716115,0.25819888974716115,0.25819888974716115,0.25819888974716115,0.25819888974716115,0.19999999999999998,0.22360679774997896,0.19999999999999998,0.19999999999999998,0.25819888974716115,0.18257418583505539,0.6,0.5477225575051662,0.50709255283711,0.9999999999999999,0.0,0.0,0.0,0.0,0.0,0.0,0.0,0.0,0.0,0.0,0.0,0.0,0.0,0.0,0.0,0.0,0.0,0.0,0.0,0.0
33,bàn phím logitech g pro mechanical gaming ,0.20412414523193154,0.1666666666666667,0.0,0.20412414523193154,0.20412414523193154,0.18257418583505539,0.20412414523193154,0.20412414523193154,0.2357022603955159,0.0,0.2357022603955159,0.0,0.0,0.0,0.0,0.0,0.0,0.0,0.0,0.0,0.0,0.0,0.0,0.0,0.0,0.0,0.18257418583505539,0.0,0.0,0.0,0.0,0.1543033499620919,0.0,1.0000000000000002,0.4330127018922194,0.7302967433402215,0.5000000000000001,0.6172133998483676,0.5773502691896258,0.5000000000000001,0.36514837167011077,0.5773502691896258,0.5773502691896258,0.6172133998483676,0.6666666666666669,0.0,0.1666666666666667,0.18257418583505539,0.0,0.2357022603955159,0.0,0.2357022603955159,0.2357022603955159
34,bàn phím logitech mx keys advanced wireless illuminated,0.0,0.0,0.0,0.17677669529663687,0.17677669529663687,0.15811388300841894,0.35355339059327373,0.0,0.0,0.0,0.0,0.0,0.0,0.0,0.0,0.0,0.0,0.0,0.0,0.0,0.0,0.0,0.0,0.0,0.0,0.0,0.0,0.0,0.0,0.15811388300841894,0.14433756729740646,0.0,0.0,0.4330127018922194,0.9999999999999999,0.47434164902525683,0.7216878364870323,0.26726124191242434,0.24999999999999994,0.2886751345948129,0.3162277660168379,0.24999999999999994,0.24999999999999994,0.26726124191242434,0.2886751345948129,0.0,0.0,0.0,0.0,0.0,0.0,0.0,0.0
35,bàn phím logitech k840 mechanical,0.0,0.0,0.0,0.22360679774997896,0.22360679774997896,0.19999999999999998,0.22360679774997896,0.0,0.0,0.0,0.0,0.0,0.0,0.0,0.0,0.0,0.0,0.0,0.0,0.0,0.0,0.0,0.0,0.0,0.0,0.0,0.0,0.0,0.0,0.0,0.0,0.0,0.0,0.7302967433402215,0.47434164902525683,0.9999999999999999,0.5477225575051662,0.50709255283711,0.47434164902525683,0.36514837167011077,0.39999999999999997,0.47434164902525683,0.47434164902525683,0.50709255283711,0.5477225575051662,0.0,0.0,0.0,0.0,0.0,0.0,0.0,0.0
36,bàn phím logitech craft advanced wireless,0.0,0.0,0.0,0.20412414523193154,0.20412414523193154,0.18257418583505539,0.20412414523193154,0.0,0.0,0.0,0.0,0.0,0.0,0.0,0.0,0.0,0.0,0.0,0.0,0.0,0.0,0.0,0.0,0.0,0.0,0.0,0.0,0.0,0.0,0.18257418583505539,0.1666666666666667,0.0,0.0,0.5000000000000001,0.7216878364870323,0.5477225575051662,1.0000000000000002,0.3086066999241838,0.2886751345948129,0.3333333333333334,0.36514837167011077,0.2886751345948129,0.2886751345948129,0.3086066999241838,0.3333333333333334,0.0,0.0,0.0,0.0,0.0,0.0,0.0,0.0
37,bàn phím razer blackwidow elite mechanical gaming,0.0,0.1543033499620919,0.0,0.0,0.0,0.0,0.0,0.0,0.0,0.0,0.0,0.0,0.0,0.0,0.0,0.0,0.0,0.0,0.0,0.0,0.0,0.0,0.0,0.0,0.0,0.0,0.1690308509457033,0.0,0.0,0.0,0.0,0.28571428571428564,0.0,0.6172133998483676,0.26726124191242434,0.50709255283711,0.3086066999241838,0.9999999999999997,0.801783725737273,0.6172133998483676,0.50709255283711,0.5345224838248487,0.5345224838248487,0.5714285714285713,0.6172133998483676,0.0,0.0,0.0,0.0,0.0,0.0,0.0,0.0
38,bàn phím razer huntsman elite opto-mechanical gaming,0.0,0.14433756729740646,0.0,0.0,0.0,0.0,0.0,0.0,0.0,0.0,0.0,0.0,0.0,0.0,0.0,0.0,0.0,0.0,0.0,0.0,0.0,0.0,0.0,0.0,0.0,0.0,0.15811388300841894,0.0,0.0,0.0,0.0,0.26726124191242434,0.0,0.5773502691896258,0.24999999999999994,0.47434164902525683,0.2886751345948129,0.801783725737273,0.9999999999999999,0.5773502691896258,0.47434164902525683,0.4999999999999999,0.4999999999999999,0.5345224838248487,0.5773502691896258,0.0,0.0,0.0,0.0,0.0,0.0,0.0,0.0
39,bàn phím razer ornata chroma gaming,0.0,0.1666666666666667,0.0,0.0,0.0,0.0,0.0,0.0,0.0,0.0,0.0,0.0,0.0,0.0,0.0,0.0,0.0,0.0,0.0,0.0,0.0,0.0,0.0,0.0,0.0,0.0,0.18257418583505539,0.0,0.0,0.0,0.0,0.1543033499620919,0.0,0.5000000000000001,0.2886751345948129,0.36514837167011077,0.3333333333333334,0.6172133998483676,0.5773502691896258,1.0000000000000002,0.7302967433402215,0.4330127018922194,0.4330127018922194,0.4629100498862757,0.5000000000000001,0.0,0.0,0.0,0.0,0.0,0.0,0.0,0.0
40,bàn phím razer cynosa chroma,0.0,0.0,0.0,0.0,0.0,0.0,0.0,0.0,0.0,0.0,0.0,0.0,0.0,0.0,0.0,0.0,0.0,0.0,0.0,0.0,0.0,0.0,0.0,0.0,0.0,0.0,0.0,0.0,0.0,0.0,0.0,0.0,0.0,0.36514837167011077,0.3162277660168379,0.39999999999999997,0.36514837167011077,0.50709255283711,0.47434164902525683,0.7302967433402215,0.9999999999999999,0.3162277660168379,0.3162277660168379,0.3380617018914066,0.36514837167011077,0.0,0.0,0.0,0.0,0.0,0.0,0.0,0.0
41,bàn phím corsair k95 rgb platinum mechanical gaming ,0.0,0.14433756729740646,0.0,0.0,0.0,0.0,0.0,0.0,0.0,0.0,0.0,0.0,0.0,0.0,0.0,0.0,0.0,0.0,0.0,0.0,0.0,0.0,0.0,0.0,0.0,0.0,0.15811388300841894,0.0,0.0,0.0,0.0,0.13363062095621217,0.0,0.5773502691896258,0.24999999999999994,0.47434164902525683,0.2886751345948129,0.5345224838248487,0.4999999999999999,0.4330127018922194,0.3162277660168379,0.9999999999999999,0.7499999999999999,0.801783725737273,0.7216878364870323,0.0,0.0,0.0,0.0,0.0,0.0,0.0,0.0
42,bàn phím corsair k70 rgb mk.2 mechanical gaming,0.0,0.14433756729740646,0.0,0.0,0.0,0.0,0.0,0.0,0.0,0.0,0.0,0.0,0.0,0.0,0.0,0.0,0.0,0.0,0.0,0.0,0.0,0.0,0.0,0.0,0.0,0.0,0.15811388300841894,0.0,0.0,0.0,0.0,0.13363062095621217,0.0,0.5773502691896258,0.24999999999999994,0.47434164902525683,0.2886751345948129,0.5345224838248487,0.4999999999999999,0.4330127018922194,0.3162277660168379,0.7499999999999999,0.9999999999999999,0.801783725737273,0.7216878364870323,0.0,0.0,0.0,0.0,0.0,0.0,0.0,0.0
43,bàn phím corsair strafe rgb mechanical gaming,0.0,0.1543033499620919,0.0,0.0,0.0,0.0,0.0,0.0,0.0,0.0,0.0,0.0,0.0,0.0,0.0,0.0,0.0,0.0,0.0,0.0,0.0,0.0,0.0,0.0,0.0,0.0,0.1690308509457033,0.0,0.0,0.0,0.0,0.14285714285714282,0.0,0.6172133998483676,0.26726124191242434,0.50709255283711,0.3086066999241838,0.5714285714285713,0.5345224838248487,0.4629100498862757,0.3380617018914066,0.801783725737273,0.801783725737273,0.9999999999999997,0.7715167498104596,0.0,0.0,0.0,0.0,0.0,0.0,0.0,0.0
44,bàn phím corsair k68 mechanical gaming,0.0,0.1666666666666667,0.0,0.0,0.0,0.0,0.0,0.0,0.0,0.0,0.0,0.0,0.0,0.0,0.0,0.0,0.0,0.0,0.0,0.0,0.0,0.0,0.0,0.0,0.0,0.0,0.18257418583505539,0.0,0.0,0.0,0.0,0.1543033499620919,0.0,0.6666666666666669,0.2886751345948129,0.5477225575051662,0.3333333333333334,0.6172133998483676,0.5773502691896258,0.5000000000000001,0.36514837167011077,0.7216878364870323,0.7216878364870323,0.7715167498104596,1.0000000000000002,0.0,0.0,0.0,0.0,0.0,0.0,0.0,0.0
45,macbook air (m1 chip),0.0,0.0,0.0,0.0,0.0,0.0,0.0,0.0,0.0,0.0,0.0,0.0,0.0,0.0,0.0,0.0,0.0,0.0,0.0,0.0,0.0,0.0,0.0,0.0,0.0,0.0,0.0,0.0,0.0,0.0,0.0,0.0,0.0,0.0,0.0,0.0,0.0,0.0,0.0,0.0,0.0,0.0,0.0,0.0,0.0,1.0,0.6123724356957946,0.22360679774997896,0.4472135954999579,0.0,0.0,0.0,0.0
46,macbook pro 13-inch (m1 chip),0.20412414523193154,0.0,0.0,0.0,0.0,0.0,0.0,0.4082482904638631,0.4714045207910318,0.2886751345948129,0.2357022603955159,0.0,0.0,0.0,0.0,0.2357022603955159,0.0,0.0,0.0,0.0,0.0,0.0,0.0,0.0,0.0,0.0,0.0,0.0,0.0,0.0,0.0,0.0,0.0,0.1666666666666667,0.0,0.0,0.0,0.0,0.0,0.0,0.0,0.0,0.0,0.0,0.0,0.6123724356957946,1.0000000000000002,0.5477225575051662,0.5477225575051662,0.2357022603955159,0.0,0.2357022603955159,0.2357022603955159
47,macbook pro 16-inch (intel),0.22360679774997896,0.0,0.0,0.0,0.0,0.0,0.0,0.22360679774997896,0.25819888974716115,0.0,0.25819888974716115,0.0,0.0,0.0,0.0,0.0,0.0,0.0,0.0,0.0,0.0,0.0,0.0,0.0,0.0,0.0,0.0,0.0,0.0,0.0,0.0,0.0,0.0,0.18257418583505539,0.0,0.0,0.0,0.0,0.0,0.0,0.0,0.0,0.0,0.0,0.0,0.22360679774997896,0.5477225575051662,0.9999999999999999,0.19999999999999998,0.25819888974716115,0.0,0.25819888974716115,0.25819888974716115
48,imac 24-inch (m1 chip),0.0,0.0,0.0,0.0,0.0,0.0,0.0,0.0,0.0,0.0,0.0,0.0,0.0,0.0,0.0,0.0,0.0,0.0,0.0,0.0,0.0,0.0,0.0,0.0,0.0,0.0,0.0,0.0,0.0,0.0,0.0,0.0,0.0,0.0,0.0,0.0,0.0,0.0,0.0,0.0,0.0,0.0,0.0,0.0,0.0,0.4472135954999579,0.5477225575051662,0.19999999999999998,0.9999999999999999,0.0,0.0,0.0,0.0
49,apple ipad pro,0.2886751345948129,0.0,0.0,0.0,0.0,0.0,0.0,0.2886751345948129,0.3333333333333334,0.0,0.3333333333333334,0.0,0.0,0.0,0.0,0.0,0.0,0.0,0.0,0.0,0.0,0.0,0.0,0.0,0.0,0.0,0.0,0.0,0.0,0.0,0.0,0.0,0.0,0.2357022603955159,0.0,0.0,0.0,0.0,0.0,0.0,0.0,0.0,0.0,0.0,0.0,0.0,0.2357022603955159,0.25819888974716115,0.0,1.0000000000000002,0.0,0.3333333333333334,0.3333333333333334
50,samsung galaxy tab s7+,0.0,0.0,0.35355339059327373,0.0,0.0,0.0,0.0,0.0,0.0,0.0,0.0,0.0,0.0,0.0,0.0,0.0,0.0,0.0,0.0,0.0,0.0,0.0,0.0,0.0,0.0,0.0,0.0,0.0,0.0,0.0,0.0,0.0,0.0,0.0,0.0,0.0,0.0,0.0,0.0,0.0,0.0,0.0,0.0,0.0,0.0,0.0,0.0,0.0,0.0,0.0,1.0,0.0,0.0
51,microsoft surface pro 7,0.2886751345948129,0.0,0.0,0.0,0.0,0.0,0.0,0.2886751345948129,0.3333333333333334,0.0,0.3333333333333334,0.0,0.0,0.0,0.0,0.0,0.0,0.0,0.0,0.0,0.0,0.0,0.0,0.0,0.0,0.0,0.0,0.0,0.0,0.0,0.0,0.0,0.0,0.2357022603955159,0.0,0.0,0.0,0.0,0.0,0.0,0.0,0.0,0.0,0.0,0.0,0.0,0.2357022603955159,0.25819888974716115,0.0,0.3333333333333334,0.0,1.0000000000000002,0.3333333333333334
52,huawei matepad pro,0.2886751345948129,0.0,0.0,0.0,0.0,0.0,0.0,0.2886751345948129,0.3333333333333334,0.0,0.3333333333333334,0.0,0.0,0.0,0.0,0.0,0.0,0.0,0.0,0.0,0.0,0.0,0.0,0.0,0.0,0.0,0.0,0.0,0.0,0.0,0.0,0.0,0.0,0.2357022603955159,0.0,0.0,0.0,0.0,0.0,0.0,0.0,0.0,0.0,0.0,0.0,0.0,0.2357022603955159,0.25819888974716115,0.0,0.3333333333333334,0.0,0.3333333333333334,1.0000000000000002
